Question,Answer,Source
 What are the causes of Vata aggravation?," Vata aggravation can be caused by irregular eating, stress, suppression of natural urges, exposure to cold, and bitter, pungent, and astringent foods."," Anne McIntyre - Herbal Treatment of Children, p. 83?"
 What is the role of ashwagandha in Vata treatment?, Ashwagandha is used in Ayurveda to balance Vata by providing nourishment and calming the nervous system.," Anne McIntyre - Herbal Treatment of Children, p. 83?"
 How does Ayurveda treat Pitta problems?," Pitta is treated with cooling herbs such as aloe vera, sandalwood, and coriander, along with practices like meditation and cold baths."," Anne McIntyre - Herbal Treatment of Children, p. 83?"
 What are common Ayurvedic herbs used for Kapha problems?," Herbs like ginger, eucalyptus, and punarnava are used for treating Kapha imbalances, often combined with practices such as vaman (vomiting therapy)."," Anne McIntyre - Herbal Treatment of Children, p. 83?"
 What herbs are used to enhance immunity in Ayurveda?," Herbs such as echinacea, neem, ginseng, and guduchi are commonly used in Ayurveda to enhance immune function."," Anne McIntyre - Herbal Treatment of Children, p. 160?"
 What is the role of digestive fire (Agni) in Ayurveda?," Digestive fire, or Agni, is responsible for breaking down food, absorbing nutrients, and converting them into energy. Weak Agni leads to digestive issues and toxin accumulation."," Lakshmi C. Mishra - Scientific Basis for Ayurvedic Therapies, p. 308?"
 How does Ayurveda classify diarrhea?," Ayurveda classifies diarrhea into Vata, Pitta, and Kapha types, with specific treatments for each type involving herbs and dietary recommendations."," Lakshmi C. Mishra - Scientific Basis for Ayurvedic Therapies, p. 374?"
 What is the Ayurvedic treatment for indigestion (Ajirna)?," Indigestion is treated with herbs such as ginger and triphala, which stimulate digestion and help eliminate toxins. A light diet and regular lifestyle changes are also recommended."," Lakshmi C. Mishra - Scientific Basis for Ayurvedic Therapies, p. 313?"
 What is the role of triphala in Ayurvedic treatments?," Triphala is a widely used Ayurvedic remedy for balancing Kapha, improving digestion, and supporting immunity."," Anne McIntyre - Herbal Treatment of Children, p. 153?"
 How is Pitta-aggravated diarrhea treated in Ayurveda?," Pitta-aggravated diarrhea is treated with a light diet, cooling herbs such as amalaki, and fluids like rice gruel and fruit juice.","Lakshmi C. Mishra - Scientific Basis for Ayurvedic Therapies, p. 376?"
 What are some Ayurvedic herbs to support the immune system and reduce inflammation?," Ayurvedic herbs include chamomile, echinacea, nettles, red clover, and yarrow, along with herbs like liquorice and wild yam to support the adrenal glands."," Anne McIntyre - Herbal Treatment of Children, p. 271?"
 How does Ayurveda classify rasayanas for physical and mental well-being?," Rasayanas are classified into categories like kutipraveshika (requiring specific living conditions), vatatapika (can be used in daily life), kamya (system-specific), and medhya rasayana (for improving intellect)."," Lakshmi C. Mishra - Scientific Basis for Ayurvedic Therapies, p. 69?"
 What herbs are suggested for weak digestion in children according to Ayurveda?," Herbs such as cardamom, ginger, angelica, cloves, coriander, dill, fennel, and spearmint are used to strengthen digestion in children."," Anne McIntyre - Herbal Treatment of Children, p. 202?"
 What is the significance of ghee in Ayurvedic treatments?, Ghee is used as a nerve tonic for Pitta and is combined with bitter herbs to enhance their properties while reducing Pitta.," Anne McIntyre - Herbal Treatment of Children, p. 84?"
 What are the main strategies for treating digestive issues like low Agni in Ayurveda?," Treatments include using herbs like ginger, cumin, and trikatu to raise digestive fire, clearing ama with Triphala and haritaki, and following a light, easily digestible diet."," Anne McIntyre - Herbal Treatment of Children, p. 196?"
 How is Shatavari used in Ayurveda for digestive problems?," Shatavari is a rejuvenating herb that is cooling and soothing, recommended for inflammatory conditions, and it helps relieve diarrhea and IBS."," Anne McIntyre - Herbal Treatment of Children, p. 202?"
 What is the Ayurvedic treatment for excess Kapha?," Treatment for excess Kapha includes herbs like ginger, turmeric, and haritaki, increased physical activity, reduced sleep, and a diet of hot, light, and bitter foods."," Anne McIntyre - Herbal Treatment of Children, p. 84?"
 What is a rasayana and what are its benefits in Ayurveda?," Rasayana refers to rejuvenation therapies in Ayurveda that nourish the seven dhatus (vital tissues), promote longevity, good intellect, and overall well-being."," Lakshmi C. Mishra - Scientific Basis for Ayurvedic Therapies, p. 67?"
 How does Ayurveda explain the role of Triphala in treating digestive issues?," Triphala is a combination of three fruits and is used as a gentle bowel tonic, helping with chronic constipation and balancing all three doshas."," Anne McIntyre - Herbal Treatment of Children, p. 153?"
 What are the Ayurvedic herbs recommended for treating inflammation?," Herbs like neem, turmeric, aloe vera, and guduchi are recommended for treating inflammation and reducing heat and toxins in the body."," Anne McIntyre - Herbal Treatment of Children, p. 271?"
 What are the characteristics of Vata-aggravated diarrhea according to Ayurveda?," Vata-aggravated diarrhea is characterized by frothy stool, frequent sounds during defecation, and pain in the abdomen and pelvis."," Lakshmi C. Mishra - Scientific Basis for Ayurvedic Therapies, p. 374?"
 What is the role of Shatavari in Ayurvedic treatments?," Shatavari is a rejuvenating herb with cooling, soothing, and lubricating properties used for inflammatory conditions, digestive aid, and to curb diarrhea and IBS."," Anne McIntyre - Herbal Treatment of Children, p. 202?"
 How does Ayurveda classify the six tastes (Rasa)?," Ayurveda classifies the six tastes as sweet, sour, salty, pungent, bitter, and astringent. Each taste affects the doshas differently, balancing or aggravating them."," Anne McIntyre - Herbal Treatment of Children, p. 153?"
 What are the causes of diarrhea according to Ayurveda?," Diarrhea in Ayurveda can be caused by incompatible foods, excessive consumption of dry, hot, or cold foods, emotional stress, and contaminated water."," Lakshmi C. Mishra - Scientific Basis for Ayurvedic Therapies, p. 373?"
 What herbs are used in Ayurveda for treating Kapha problems?," For treating Kapha, herbs like punarnava, turmeric, ginger, and eucalyptus oil are used, along with practices like vaman and nasya (oil inhalation)."," Anne McIntyre - Herbal Treatment of Children, p. 83?"
 What is the Ayurvedic understanding of the pathogenesis of diarrhea?," Ayurveda describes diarrhea as an increase in fluid content in the intestines, reducing enzyme activity, and propelling stool by the force of Vata."," Lakshmi C. Mishra - Scientific Basis for Ayurvedic Therapies, p. 374?"
 What is Rasayana therapy in Ayurveda?," Rasayana therapy is a rejuvenation therapy in Ayurveda that includes herbs like Ashwagandha, Shatavari, and Guduchi, aimed at enhancing vitality and reducing stress."," Anne McIntyre - Herbal Treatment of Children, p. 83?"
 How is pitta-aggravated diarrhea described in Ayurveda?," Pitta-aggravated diarrhea is characterized by yellow or reddish watery stools, a foul smell, fever, and a burning sensation."," Lakshmi C. Mishra - Scientific Basis for Ayurvedic Therapies, p. 374?"
 What is the role of Amalaki in treating digestive problems in children?," Amalaki is used for its cooling properties to soothe digestive problems, including diarrhea and IBS. It also enhances immunity and nourishes depleted tissues."," Anne McIntyre - Herbal Treatment of Children, p. 202?"
 What is dysentery according to Ayurveda?," Dysentery, or pravahika in Ayurveda, is an acute disease involving the passage of stool with mucus and tenesmus, typically caused by an imbalance of Kapha and Vata."," Lakshmi C. Mishra - Scientific Basis for Ayurvedic Therapies, p. 386?"
 What are the main clinical features of diarrhea in Ayurveda?," Diarrhea is characterized by watery stools, frequent bowel movements, and increased stool volume. Symptoms differ according to the dosha imbalances, like frothy stools in Vata imbalance or yellowish watery stools in Pitta imbalance."," Lakshmi C. Mishra - Scientific Basis for Ayurvedic Therapies, p. 373?"
 What are some Ayurvedic treatments for emotional diarrhea?," Emotional diarrhea in Ayurveda is treated similarly to Vata-type diarrhea, involving emotional counseling, entertainment, and Vata-pacifying treatments like sesame oil massage."," Lakshmi C. Mishra - Scientific Basis for Ayurvedic Therapies, p. 377?"
 What is Ama Atisara in Ayurveda?, Ama Atisara refers to diarrhea caused by undigested or improperly digested food (ama). It is characterized by slimy stools with a foul smell and is often accompanied by abdominal pain.," Lakshmi C. Mishra - Scientific Basis for Ayurvedic Therapies, p. 375?"
 How does Ayurveda define Pitta-type diarrhea?," Pitta-type diarrhea in Ayurveda is characterized by yellow or reddish watery stools, a foul smell, fever, and a burning sensation in the digestive tract."," Lakshmi C. Mishra - Scientific Basis for Ayurvedic Therapies, p. 374?"
 What herbs are recommended for Vata problems in children?," For Vata issues, Ayurveda recommends herbs like ashwagandha, shatavari, brahmi, and Triphala. These help calm the Vata and restore balance."," Anne McIntyre - Herbal Treatment of Children, p. 83?"
 What is the significance of rasayana therapy in Ayurveda?," Rasayana therapy focuses on rejuvenation and vitality, strengthening the immune system, and delaying the aging process. It works on the body's vital tissues to promote health and longevity."," Lakshmi C. Mishra - Scientific Basis for Ayurvedic Therapies, p. 69?"
 How does Ayurveda treat Kapha-type diarrhea?," Ayurveda treats Kapha-type diarrhea with digestive and warming herbs like ginger and cumin, as well as light foods like rice gruel to balance the excess Kapha."," Lakshmi C. Mishra - Scientific Basis for Ayurvedic Therapies, p. 374?"
 What are the common causes of Pitta aggravation in children?," Pitta aggravation in children can be caused by exposure to heat, consuming spicy or sour foods, and emotional factors like anger or frustration."," Anne McIntyre - Herbal Treatment of Children, p. 83?"
 How is Shatavari used in Ayurveda for digestive issues?," Shatavari is used to soothe and cool the digestive system, making it an excellent remedy for inflammatory conditions like IBS and diarrhea."," Anne McIntyre - Herbal Treatment of Children, p. 202?"
 What are the Ayurvedic principles for treating Pitta imbalances?," Pitta imbalances are treated with cooling therapies like ghee, sweet and bitter foods, and herbs like coriander, cumin, and aloe vera to calm the excess heat."," Anne McIntyre - Herbal Treatment of Children, p. 83?"
 What are the benefits of sesame oil in Ayurveda?," Sesame oil is a key remedy for balancing Vata in Ayurveda. It penetrates deep into tissues, nourishes the skin, and detoxifies the body."," Anne McIntyre - Herbal Treatment of Children, p. 84?"
 What are some Ayurvedic treatments for emotional diarrhea?," Emotional diarrhea is treated similarly to Vata-type diarrhea, with additional emotional counseling and entertainment as advised treatments."," Lakshmi C. Mishra - Scientific Basis for Ayurvedic Therapies, p. 377?"
 How is Triphala used to reduce excess Pachaka Pitta?," Triphala is used in Ayurveda to reduce excess Pachaka Pitta, particularly for digestive issues and balancing Pitta dosha."," Anne McIntyre - Herbal Treatment of Children, p. 153?"
 What herbs are used for balancing Vata and Kapha doshas in children?," Herbs such as punarnava, ginger, pippali, asafoetida, and haritaki are recommended for balancing Vata and Kapha in children."," Anne McIntyre - Herbal Treatment of Children, p. 84?"
 What is the role of amalaki in Ayurvedic therapies?, Amalaki (Indian gooseberry) is a powerful rejuvenating herb used to balance all three doshas. It is particularly beneficial for treating digestive issues and strengthening immunity.," Anne McIntyre - Herbal Treatment of Children, p. 202?"
 What are the benefits of using guduchi in Ayurveda?," Guduchi is a versatile herb in Ayurveda known for its anti-inflammatory, immune-boosting, and detoxifying properties."," Anne McIntyre - Herbal Treatment of Children, p. 271?"
 How is the digestion fire (Agni) treated in Ayurveda?," Ayurveda uses herbs like ginger, cumin, and trikatu to boost digestion fire (Agni) and improve metabolism. This treatment helps clear ama (toxins) from the body."," Anne McIntyre - Herbal Treatment of Children, p. 196?"
 What is the role of nasya (nasal administration of oils) in treating Vata problems?," Nasya is used to balance Vata dosha, especially in treating psychological issues like anxiety. Oils like sesame or narayan oil are administered nasally."," Anne McIntyre - Herbal Treatment of Children, p. 10?"
 What herbs are commonly used for inflammation in Ayurveda?," Herbs like turmeric, neem, and aloe vera are commonly used in Ayurveda to reduce inflammation and balance Pitta."," Anne McIntyre - Herbal Treatment of Children, p. 271?"
 What are the key components of rasayana therapy for improving mental health?," Key rasayanas for mental health include Brahmi and Shankhapushpi, which improve intellect, reduce anxiety, and enhance memory."," Lakshmi C. Mishra - Scientific Basis for Ayurvedic Therapies, p. 69?"
 What are the best herbs for strengthening immunity in children according to Ayurveda?," Herbs like echinacea, ginseng, neem, liquorice, and guduchi are known for their immune-boosting properties."," Anne McIntyre - Herbal Treatment of Children, p. 160?"
 How does cinnamon contribute to immune health in Ayurveda?," Cinnamon has warming properties, stimulates digestion, and acts as an antiseptic. It also has strong antibacterial and antifungal effects."," Anne McIntyre - Herbal Treatment of Children, p. 162?"
 What is the Ayurvedic treatment for constipation in children?," Ayurvedic treatment for constipation involves using mild laxatives like Triphala, warm water, and herbal teas to support bowel movement."," Anne McIntyre - Herbal Treatment of Children, p. 208?"
 What role does sesame oil play in Ayurveda?," Sesame oil is widely used in Ayurveda to balance Vata. It is nourishing, detoxifying, and enhances skin and joint health."," Anne McIntyre - Herbal Treatment of Children, p. 84?"
 What is the significance of ginger in Ayurvedic medicine?," Ginger is a potent digestive stimulant, warming the body and improving the flow of digestive juices. It also has antimicrobial properties."," Anne McIntyre - Herbal Treatment of Children, p. 162?"
 What is the Ayurvedic approach to treating respiratory infections in children?," Ayurveda recommends herbs like turmeric, ginger, and coriander to treat respiratory infections. These herbs have warming, decongestant, and antiseptic properties."," Anne McIntyre - Herbal Treatment of Children, p. 162?"
 How is amalaki used for treating digestive disorders in Ayurveda?," Amalaki is used for treating digestive problems such as IBS and diarrhea, and it also supports immune function."," Anne McIntyre - Herbal Treatment of Children, p. 202?"
 What is the role of Triphala in treating Pitta imbalances?," Triphala helps reduce excess Pitta and is used as a gentle bowel tonic, making it beneficial for digestive health."," Anne McIntyre - Herbal Treatment of Children, p. 84?"
 How does Ayurveda treat diarrhea in children?," Ayurvedic treatment for diarrhea includes herbs like ginger and amalaki, along with dietary recommendations such as rice gruel and light, easily digestible foods."," Lakshmi C. Mishra - Scientific Basis for Ayurvedic Therapies, p. 376?"
 What herbs are recommended for mental health in Ayurveda?," Medhya herbs such as Brahmi, Mandukaparni, and Jatamansi are used to improve cognitive functions and mental clarity in Ayurveda."," Lakshmi C. Mishra - Scientific Basis for Ayurvedic Therapies, p. 447?"
 What Ayurvedic herbs are used for treating respiratory infections in children?," Herbs such as echinacea, garlic, thyme, liquorice, ginger, and turmeric are commonly used for respiratory infections. They possess immunostimulatory and antimicrobial actions."," Anne McIntyre - Herbal Treatment of Children, p. 160?"
 How does Ayurveda view mental illness in terms of trigunas?, Ayurveda explains mental illness as an imbalance of the three mental gunas," Lakshmi C. Mishra - Scientific Basis for Ayurvedic Therapies, p. 441?"
 What Ayurvedic herbs are used to boost memory and cognitive function?," Herbs like Brahmi (Bacopa monnieri), Mandukaparni (Gotu kola), and Sankhapushpi are used to improve memory and cognitive function."," Lakshmi C. Mishra - Scientific Basis for Ayurvedic Therapies, p. 449?"
 What is the Ayurvedic approach to treating digestive problems in children?," Digestive problems in children are treated with warming spices such as ginger, black pepper, and cardamom to improve Agni (digestive fire) and stimulate digestion. Triphala is also used for its balancing effects."," Anne McIntyre - Herbal Treatment of Children, p. 196?"
 What is Brahmi and how is it used in Ayurveda?," Brahmi (Bacopa monnieri) is a brain tonic that enhances concentration, memory, and mental clarity. It pacifies Vata dosha and is used to treat epilepsy, depression, and hyperactivity."," Anne McIntyre - Herbal Treatment of Children, p. 252?"
 How does liquorice support immunity in Ayurveda?, Liquorice enhances immunity by stimulating the production of white blood cells and antibodies. It also has antiviral properties and supports the adrenal glands.," Anne McIntyre - Herbal Treatment of Children, p. 163?"
 What are the benefits of gotu kola for mental health in children?," Gotu kola is excellent for promoting brain function, improving concentration, and calming the mind. It is especially beneficial for Pitta dosha but can be used for all constitutions."," Anne McIntyre - Herbal Treatment of Children, p. 252?"
 How does Ayurveda treat hay fever in children?," Ayurveda treats hay fever with herbs like holy basil, ginger, and calamus for Vata, and coriander juice, chamomile, and gotu kola for Pitta. Trikatu and ginger tea are used for Kapha types."," Anne McIntyre - Herbal Treatment of Children, p. 242?"
 What herbs are recommended for low digestive fire (Agni Manda) in Ayurveda?," Remedies for low digestive fire include Trikatu (ginger, long pepper, black pepper), pippali, and hingwastaka. Triphala is used for all three doshic types."," Anne McIntyre - Herbal Treatment of Children, p. 196?"
 What is the role of Triphala in Ayurvedic pediatric care?," Triphala is used as a gentle bowel tonic, particularly helpful for treating chronic constipation and supporting digestive health in children."," Anne McIntyre - Herbal Treatment of Children, p. 202?"
 What are the Ayurvedic herbs that boost the immune system in children?," Herbs such as echinacea, neem, ginseng, liquorice, and guduchi are known for their immune-enhancing properties in children."," Anne McIntyre - Herbal Treatment of Children, p. 160?"
 How is liquorice used to support respiratory health in Ayurveda?," Liquorice is used as a tonic for the throat and larynx. It helps soothe irritation, reduce inflammation, and strengthen respiratory health."," Anne McIntyre - Herbal Treatment of Children, p. 162?"
 What Ayurvedic herbs are recommended for treating Kapha-related respiratory issues?," For Kapha-related respiratory problems, Ayurvedic herbs such as ginger, turmeric, and Trikatu (a combination of black pepper, long pepper, and ginger) are used to reduce excess mucus and improve lung function."," Anne McIntyre - Herbal Treatment of Children, p. 164?"
 What is the role of Trikatu in Ayurveda?," Trikatu is a powerful Ayurvedic combination of black pepper, long pepper, and ginger. It is used to stimulate digestive fire (Agni), improve metabolism, and treat digestive disorders."," Lakshmi C. Mishra - Scientific Basis for Ayurvedic Therapies, p. 162?"
 How does Brahmi help cognitive function in children?," Brahmi (Bacopa monnieri) is a brain tonic used to improve concentration, memory, and mental clarity. It is especially beneficial for children with cognitive difficulties."," Lakshmi C. Mishra - Scientific Basis for Ayurvedic Therapies, p. 449?"
 What are the benefits of Shatavari in treating digestive issues in children?, Shatavari (Asparagus racemosus) is a rejuvenating herb that soothes and cools the digestive system. It helps relieve inflammatory conditions like IBS and diarrhea.," Anne McIntyre - Herbal Treatment of Children, p. 202?"
 How is ashwagandha used in Ayurveda for mental health?," Ashwagandha is used as an adaptogen to reduce stress and anxiety, and as a nootropic to improve cognitive function and memory. It is commonly recommended for treating mental health issues such as depression."," Lakshmi C. Mishra - Scientific Basis for Ayurvedic Therapies, p. 449?"
 What herbs are used to treat recurrent respiratory infections in children?," Herbs like echinacea, garlic, ginger, and turmeric are used to boost the immune system and prevent recurrent respiratory infections in children."," Anne McIntyre - Herbal Treatment of Children, p. 164?"
 How does Ayurveda treat digestive issues caused by low Agni in children?," For low Agni (digestive fire), Ayurveda recommends herbs like ginger, black pepper, and Triphala to stimulate digestion and improve nutrient absorption."," Anne McIntyre - Herbal Treatment of Children, p. 196?"
 What is the Ayurvedic approach to treating ADHD in children?," Ayurveda treats ADHD by addressing food intolerances, improving brain function with B vitamins, and supporting neurotransmitter production through diet and herbs such as safflower oil and essential fatty acids."," Anne McIntyre - Herbal Treatment of Children, p. 254"
 How does Ayurveda approach the treatment of ADHD in children?," Ayurveda views ADHD as primarily a Vata disorder and recommends calming herbs like ashwagandha, gotu kola, and shatavari. It also emphasizes the importance of a stable routine, reducing overstimulation, and incorporating nourishing foods."," Anne McIntyre - Herbal Treatment of Children, p. 254?"
 What herbs are recommended for treating respiratory infections in children?," Echinacea, garlic, thyme, and liquorice are commonly used to treat respiratory infections in children. These herbs have antimicrobial properties and support the immune system."," Anne McIntyre - Herbal Treatment of Children, p. 160?"
 How is low digestive fire (Agni Manda) treated in Ayurveda?," Ayurveda treats low digestive fire with warming herbs such as Trikatu, hingwastaka, ginger, and black pepper. A light, easily digestible diet and the use of digestive spices are also recommended."," Anne McIntyre - Herbal Treatment of Children, p. 196?"
 What is the role of Triphala in treating indigestion in children?, Triphala is a gentle bowel tonic that helps to balance digestion and is particularly beneficial for treating constipation and indigestion in children.," Anne McIntyre - Herbal Treatment of Children, p. 202?"
 How does Ayurveda view anxiety disorders and their treatment?," Ayurveda treats anxiety as a Vata disorder, recommending herbs like ashwagandha, brahmi, and jatamansi. Practices like yoga, meditation, and regular routine are also emphasized to calm the mind and balance Vata."," Lakshmi C. Mishra - Scientific Basis for Ayurvedic Therapies, p. 447?"
 How is Brahmi used for cognitive function in Ayurveda?," Brahmi is used as a brain tonic to improve memory, concentration, and mental clarity. It is particularly beneficial for children with learning difficulties or cognitive impairments."," Anne McIntyre - Herbal Treatment of Children, p. 252?"
 What are the symptoms of low digestive fire (Agni) in children according to Ayurveda?," Symptoms of low digestive fire include indigestion, anorexia, heaviness in the abdomen, lethargy, flatulence, foul-smelling stool, and disturbed sleep."," Anne McIntyre - Herbal Treatment of Children, p. 196?"
 What herbs are used for mental health disorders in Ayurveda?," Herbs such as Brahmi, Shankhapushpi, and Jatamansi are recommended for mental health disorders like anxiety, depression, and cognitive issues in Ayurveda."," Lakshmi C. Mishra - Scientific Basis for Ayurvedic Therapies, p. 447?"
 What is the role of ginger in treating digestive disorders in children?," Ginger is used in Ayurveda to stimulate digestion, improve digestive fire (Agni), and relieve symptoms such as nausea, bloating, and indigestion."," Anne McIntyre - Herbal Treatment of Children, p. 162?"
 How does Ayurveda treat cognitive development issues in children?," Ayurveda uses brain tonics like Brahmi, Gotu Kola, and Ashwagandha to enhance cognitive development and improve memory and concentration in children."," Anne McIntyre - Herbal Treatment of Children, p. 252?"
 What are the recommended herbs for boosting memory in children according to Ayurveda?," Ayurvedic herbs like Brahmi (Bacopa monnieri), Shankhapushpi (Convolvulus pluricaulis), and Gotu Kola (Centella asiatica) are used to enhance memory and cognitive function in children."," Lakshmi C. Mishra - Scientific Basis for Ayurvedic Therapies, p. 416?"
 How does Ayurveda treat anxiety in children?," Ayurvedic treatment for anxiety in children includes the use of herbs like Brahmi, Jatamansi, and Ashwagandha. These herbs help calm the mind and reduce stress."," Lakshmi C. Mishra - Scientific Basis for Ayurvedic Therapies, p. 447?"
 What herbs are recommended for treating indigestion in children?," For indigestion, Ayurveda recommends herbs like ginger, cardamom, fennel, and coriander. These herbs stimulate digestive fire (Agni) and relieve symptoms of indigestion."," Anne McIntyre - Herbal Treatment of Children, p. 196?"
 What are the effects of Brahmi on cognitive function?, Brahmi (Bacopa monnieri) has been shown to improve learning and memory by enhancing neurotransmitter activity and reducing oxidative stress in the brain.," Lakshmi C. Mishra - Scientific Basis for Ayurvedic Therapies, p. 415?"
 What Ayurvedic herbs are used to treat respiratory health in children?," Herbs such as echinacea, garlic, ginger, and liquorice are commonly used to support respiratory health by boosting immunity and clearing the respiratory tract."," Anne McIntyre - Herbal Treatment of Children, p. 160?"
 What is the role of Triphala in Ayurvedic treatments for indigestion?," Triphala is used as a gentle bowel tonic that helps to improve digestion, clear toxins (ama), and stimulate the digestive fire (Agni). It is particularly useful for constipation and digestive disorders in children."," Anne McIntyre - Herbal Treatment of Children, p. 202?"
 How does Jatamansi help in treating mental health issues in Ayurveda?," Jatamansi is known for its calming properties and is used in Ayurveda to treat anxiety, stress, and insomnia. It helps calm the nervous system and improve mental clarity."," Lakshmi C. Mishra - Scientific Basis for Ayurvedic Therapies, p. 449?"
 How does ginger help in treating respiratory infections?," Ginger is used to reduce inflammation, clear mucus, and stimulate circulation. It is effective in treating colds, coughs, and other respiratory infections."," Anne McIntyre - Herbal Treatment of Children, p. 162?"
 What is the Ayurvedic approach to improving cognitive function in children?," Ayurveda recommends the use of brain tonics like Brahmi and Shankhapushpi to enhance cognitive development. These herbs support memory, concentration, and mental clarity."," Lakshmi C. Mishra - Scientific Basis for Ayurvedic Therapies, p. 415?"
 What is the role of Gotu Kola in pediatric care according to Ayurveda? -," Gotu Kola (Centella asiatica) is used as a brain tonic to enhance cognitive function, improve memory, and reduce anxiety in children. "," Lakshmi C. Mishra - Scientific Basis for Ayurvedic Therapies, p. 417?"
 What are the effects of Shankhapushpi on cognitive function?," Shankhapushpi is used in Ayurveda as a brain tonic to improve memory, learning capacity, and concentration. It is especially effective for calming the mind and enhancing cognitive abilities."," Lakshmi C. Mishra - Scientific Basis for Ayurvedic Therapies, p. 416"
 How does Ayurveda recommend treating respiratory infections in children?," Ayurveda recommends herbs like echinacea, ginger, and turmeric for treating respiratory infections in children. These herbs help clear mucus and support lung health."," Anne McIntyre - Herbal Treatment of Children, p. 162"
 How does Brahmi help in treating anxiety in children?," Brahmi helps reduce anxiety by calming the mind and improving mental clarity. It also helps balance Vata dosha, which is often linked to anxiety disorders."," Lakshmi C. Mishra - Scientific Basis for Ayurvedic Therapies, p. 447"
 What herbs are used for boosting immunity in Ayurveda?," Common immunity-boosting herbs in Ayurveda include echinacea, neem, tulsi, and liquorice. These herbs help strengthen the immune system and protect against infections."," Anne McIntyre - Herbal Treatment of Children, p. 160"
 How is indigestion treated in children according to Ayurveda?," Indigestion in children is treated with herbs like ginger, coriander, and fennel, which help improve digestion and stimulate the digestive fire (Agni)."," Anne McIntyre - Herbal Treatment of Children, p. 196"
 What is the role of Gotu Kola in cognitive development?," Gotu Kola enhances cognitive development by improving memory, concentration, and mental clarity. It is particularly useful in children with learning disabilities."," Lakshmi C. Mishra - Scientific Basis for Ayurvedic Therapies, p. 417"
 How does Ashwagandha support mental health in children?," Ashwagandha acts as an adaptogen and helps reduce stress, anxiety, and fatigue. It is commonly used to support mental health and improve cognitive function."," Lakshmi C. Mishra - Scientific Basis for Ayurvedic Therapies, p. 449"
 What are the benefits of echinacea for children's respiratory health?," Echinacea is known for its immune-boosting properties and is used to prevent and treat respiratory infections, such as colds and coughs, in children."," Anne McIntyre - Herbal Treatment of Children, p. 160"
 What is the role of Trikatu in treating digestive disorders?," Trikatu, a blend of black pepper, long pepper, and ginger, is used to stimulate digestion, enhance metabolism, and clear toxins from the body."," Anne McIntyre - Herbal Treatment of Children, p. 196"
 How is liquorice used in pediatric respiratory care? -," Liquorice helps soothe the throat and reduce inflammation, making it an effective remedy for respiratory issues like coughs and bronchitis in children. "," Anne McIntyre - Herbal Treatment of Children, p. 162"
 What is the role of Amalaki in treating digestive issues in children?, Amalaki (Indian gooseberry) is used to soothe and cool the digestive system. It helps relieve inflammatory digestive conditions such as diarrhea and irritable bowel syndrome (IBS).," Anne McIntyre - Herbal Treatment of Children, p. 202"
 How does Ayurveda approach the treatment of asthma in children?," Ayurveda treats asthma with a combination of herbs like ginger, turmeric, and pippali, which help reduce inflammation and clear mucus from the respiratory tract."," Anne McIntyre - Herbal Treatment of Children, p. 164"
 How is Shatavari used for calming the nervous system in children?," Shatavari has cooling and nourishing properties, making it beneficial for calming an overactive nervous system and reducing stress and anxiety in children."," Anne McIntyre - Herbal Treatment of Children, p. 202"
 What is the role of Tulsi in boosting the immune system in children?," Tulsi (holy basil) is known for its powerful immune-boosting properties. It helps fight infections, reduce inflammation, and strengthen the body's defenses."," Anne McIntyre - Herbal Treatment of Children, p. 160"
 What is the significance of ghee in Ayurvedic treatments for children?," Ghee is used in Ayurveda to nourish tissues, improve digestion, and pacify the Pitta dosha. It is especially recommended for children with digestive and mental health issues."," Anne McIntyre - Herbal Treatment of Children, p. 84"
 How does Ayurveda view the causes of anxiety in children?," In Ayurveda, anxiety in children is often linked to an imbalance in the Vata dosha. Calming herbs like Brahmi and Ashwagandha are used to reduce Vata and alleviate anxiety symptoms."," Lakshmi C. Mishra - Scientific Basis for Ayurvedic Therapies, p. 447"
 What are the benefits of ginger for treating nausea in children?, Ginger is effective in relieving nausea and improving digestion. It helps stimulate the digestive fire (Agni) and is commonly used to treat motion sickness in children.," Anne McIntyre - Herbal Treatment of Children, p. 162"
 What herbs are used to treat Kapha-related imbalances in Ayurveda?," Herbs like turmeric, ginger, and pippali are commonly used to reduce Kapha-related imbalances, such as excessive mucus, sluggish digestion, and respiratory congestion."," Anne McIntyre - Herbal Treatment of Children, p. 164"
 What is the role of fennel in treating digestive issues in children?," Fennel is used to relieve bloating, indigestion, and colic in children. It also helps stimulate digestion and reduce gas."," Anne McIntyre - Herbal Treatment of Children, p. 196"
 How is coriander used in Ayurveda for digestive health? , Coriander is used to cool and soothe the digestive system. It is particularly effective for treating Pitta-related digestive issues such as acid reflux and indigestion.," Anne McIntyre - Herbal Treatment of Children, p. 196"
 What are the benefits of Brahmi for children with hyperactivity?," Brahmi helps calm the mind, reduce hyperactivity, and improve focus in children. It is used to balance Vata dosha, which is often linked to hyperactivity and restlessness."," Lakshmi C. Mishra - Scientific Basis for Ayurvedic Therapies, p. 447"
 How does ginger support digestive health in children?," Ginger is a digestive stimulant that helps improve appetite, reduce nausea, and alleviate indigestion. It also helps regulate the digestive fire (Agni)."," Anne McIntyre - Herbal Treatment of Children, p. 162"
 What herbs are used in Ayurveda to balance Vata dosha in children?," Herbs like Ashwagandha, Brahmi, and Shatavari are used to balance Vata dosha in children. These herbs help calm the mind and support physical growth."," Anne McIntyre - Herbal Treatment of Children, p. 83"
 How is Triphala used to treat constipation in children?, Triphala is a mild laxative that helps regulate bowel movements and alleviate constipation. It is gentle enough for children and improves overall digestion.," Anne McIntyre - Herbal Treatment of Children, p. 202"
 What role does neem play in boosting children's immunity?, Neem is a powerful antibacterial and antiviral herb used to boost immunity in children. It helps protect against infections and promotes overall health.," Anne McIntyre - Herbal Treatment of Children, p. 160"
 How does Ayurveda treat cold and cough in children?," Ayurveda recommends herbs like ginger, tulsi, and turmeric to treat cold and cough in children. These herbs help clear respiratory passages and boost immunity."," Anne McIntyre - Herbal Treatment of Children, p. 164"
 What is the significance of fennel in treating digestive issues?," Fennel is a carminative herb that helps relieve gas, bloating, and indigestion. It is particularly beneficial for children with weak digestion."," Anne McIntyre - Herbal Treatment of Children, p. 196"
 How does Ashwagandha help reduce stress in children?," Ashwagandha acts as an adaptogen, helping children cope with stress by balancing cortisol levels and improving resilience to mental and physical stress."," Lakshmi C. Mishra - Scientific Basis for Ayurvedic Therapies, p. 449"
 What are the benefits of tulsi for respiratory health?," Tulsi (holy basil) is used in Ayurveda to treat respiratory conditions like asthma, bronchitis, and cough. It helps clear mucus and improves lung function."," Anne McIntyre - Herbal Treatment of Children, p. 164"
 How does Ayurveda address poor appetite in children? ," Ayurveda uses herbs like ginger, cumin, and black pepper to stimulate appetite and improve digestion in children with poor eating habits."," Anne McIntyre - Herbal Treatment of Children, p. 196"
 How is Gotu Kola used to enhance memory in children?," Gotu Kola (Centella asiatica) is used as a brain tonic to improve memory, enhance concentration, and support cognitive function in children."," Lakshmi C. Mishra - Scientific Basis for Ayurvedic Therapies, p. 417"
 What herbs are recommended for treating fever in children according to Ayurveda?," Ayurveda recommends herbs like tulsi, ginger, and coriander to reduce fever in children. These herbs help balance the body's heat and stimulate perspiration."," Anne McIntyre - Herbal Treatment of Children, p. 164"
 How does liquorice support respiratory health in children?," Liquorice acts as a demulcent, soothing the respiratory tract and reducing inflammation. It is used to treat coughs, colds, and bronchitis."," Anne McIntyre - Herbal Treatment of Children, p. 162"
 What is the role of cumin in improving digestion in children?," Cumin stimulates the secretion of digestive enzymes, improving digestion and preventing indigestion and bloating in children."," Anne McIntyre - Herbal Treatment of Children, p. 196"
 How does Ashwagandha improve physical strength in children?," Ashwagandha enhances physical strength and endurance in children by supporting muscle growth, boosting immunity, and improving energy levels."," Lakshmi C. Mishra - Scientific Basis for Ayurvedic Therapies, p. 449"
 How does Ayurveda treat asthma in children?," Ayurveda treats asthma with herbs like tulsi, ginger, and black pepper to reduce inflammation, clear the respiratory tract, and improve lung function."," Anne McIntyre - Herbal Treatment of Children, p. 164"
 What is the significance of cardamom in treating digestive issues?," Cardamom is a carminative herb that helps relieve indigestion, nausea, and bloating. It stimulates digestion and supports gastrointestinal health in children."," Anne McIntyre - Herbal Treatment of Children, p. 196"
 How does Brahmi help treat hyperactivity in children?," Brahmi calms the mind, reduces hyperactivity, and improves focus in children. It is particularly effective in balancing Vata dosha, which is often linked to hyperactivity."," Lakshmi C. Mishra - Scientific Basis for Ayurvedic Therapies, p. 416"
 How does echinacea boost immunity in children?," Echinacea stimulates the immune system, helping the body fight off infections. It is commonly used to prevent and treat colds, flu, and other respiratory infections in children."," Anne McIntyre - Herbal Treatment of Children, p. 160"
 What herbs are recommended for treating anxiety in children according to Ayurveda? ," Ayurveda recommends herbs like Brahmi, Jatamansi, and Ashwagandha to treat anxiety in children. These herbs calm the mind and reduce stress levels."," Lakshmi C. Mishra - Scientific Basis for Ayurvedic Therapies, p. 447"
